{
    "precission": 0.40331348397466854,
    "recall": 0.20677950379838764
}
