{
    "precission": 0.5797716296179111,
    "recall": 0.4121903848670214
}
